{"acc": 0.9437528056002679, "loss": 0.1135583968775804, "_timestamp": 1690641426.852467, "_runtime": 0.9639911651611328, "_step": 7, "_wandb": {"runtime": 0}}